{
  "model": "LightGBM-Optuna",
  "roc_auc": 0.9423459003068984,
  "f1": 0.8160067753546475,
  "accuracy": 0.8839476495726496,
  "precision": 0.8610366398570152,
  "recall": 0.7754527162977867,
  "n_trials": 50,
  "n_cv_folds": 5,
  "best_cv_auc": 0.9414036945310041,
  "best_trial": 35,
  "n_trees": 494,
  "training_time_minutes": 5.6220761895179745,
  "best_params": {
    "max_depth": 7,
    "num_leaves": 124,
    "min_child_samples": 28,
    "learning_rate": 0.019015088175598764,
    "reg_alpha": 1.4451244401723817,
    "reg_lambda": 0.002522932620444029,
    "min_gain_to_split": 0.26251409397284514,
    "subsample": 0.797141127718769,
    "subsample_freq": 2,
    "colsample_bytree": 0.846970881054584
  }
}