{
  "accuracy": 0.7681159420289855,
  "precision": 0.5714285714285714,
  "recall": 0.23529411764705882,
  "f1": 0.3333333333333333,
  "roc_auc": 0.5893665158371041,
  "cv_f1_mean": 0.06153846153846154
}