{
  "accuracy": 0.4927536231884058,
  "precision": 0.3333333333333333,
  "recall": 0.35294117647058826,
  "f1": 0.2811791383219954,
  "roc_auc": 0.4896727636923715
}